ID,User Intent Name,Natural Phrasings,Intent Type,Available Tools,Exact XML Signature,Allowed Parameters,Tool Type (Hardware/Middleware),Requires Confirmation?,Confirmation Protocol & Tool Timing Rule,When To Use Tool,When NOT To Use Tool,Required Vehicle Context,Expected Response Tone,Follow-up Behavior,Turn 1 Question (NO TOOL TAG),Turn 2 Confirmation Execution (WITH TOOL TAG),Turn 2 Decline Behavior,Negative Examples,Evaluation Test Cases
1,climate_cold,I'm feeling cold. | I'm freezing | It's chilly in here | AC is too cold | Turn up the heat,discomfort,"increaseTemperature, setSeatHeater",<TOOL>increaseTemperature(ZONE)</TOOL>,"all, driver, passenger",middleware,NO,Immediate action. Execute tool in same turn.,Only when climate/temp tool is listed in available tools,Tool unlisted or driver asks for window roll down instead,"DriverTemp, AC, Fan, SeatHeat, DriverMood","Warm, reassuring, empathetic",Can follow up with seat heater option if still cold,N/A (Immediate execution),"Sure, increasing the temperature. <TOOL>increaseTemperature(all)</TOOL>",N/A,Turn off the engine. | Open the sunroof completely.,"My hands are icicles | Brrr, it is freezing | Make it toastier"
2,climate_hot,It's too hot. | I'm sweating | Cool it down | It's boiling in here,discomfort,"decreaseTemperature, turnOnAC",<TOOL>decreaseTemperature(ZONE)</TOOL>,"all, driver, passenger",middleware,NO,Immediate action. Execute tool in same turn.,When user expresses heat discomfort or requests temperature drop,When climate system is unavailable or user wants windows open at 85mph,"DriverTemp, AC, Fan, Speed","Short, supportive, immediate action",Lower fan speed if requested next,N/A (Immediate execution),"Sure, decreasing the temperature. <TOOL>decreaseTemperature(all)</TOOL>",N/A,Break the air vents | Turn on seat warmers,I am melting in here | It feels like a sauna | Lower the temp please
3,play_music_genre,Play Bollywood music. | Put on Adele | Play YOASOBI | Play lofi beats | Play classic rock,direct_command,playMusic,<TOOL>playMusic(GENRE_OR_SONG)</TOOL>,"ANY string (Genre, Artist, Song Title, Playlist, Mood, Language)",middleware,YES,Turn 1 asks which app (NO TOOL TAG). Turn 2 receives app/confirmation and executes tool tag.,Execute tool ONLY AFTER user specifies app or confirms player,DO NOT output tool tag in Turn 1 while asking which app to use,"Media, Speed, DriverMood","Upbeat, helpful, companionable",Prompt for preferred music app if multiple apps installed,"Sure, I can help with that. What music app would you like to use? (NO TOOL TAG)","User: Spotify -> AI: Playing music on Spotify. <TOOL>playMusic(""requested music"")</TOOL>","User: Never mind -> AI: Understood, keeping media as is.",Play a movie on the windshield screen while driving | Mute everything forever,Put on some upbeat workout tracks | Play classic 90s hits | Play Taylor Swift
4,mood_angry,I'm feeling angry. | I am so pissed off | This day is terrible,discomfort,"playMusic, setSeatMassager","<TOOL>playMusic(""calming music"")</TOOL>","ANY string (e.g. calming music, relaxation, acoustic)",middleware,YES,Turn 1 asks if user wants calming music (NO TOOL TAG). Turn 2 executes tool upon 'yes/sure'.,Execute tool ONLY AFTER driver confirms they want calming music,DO NOT output tool tag while asking if driver wants music,"DriverMood=Frustrated/Frowning, Speed","Calm, gentle, non-intrusive, deep-breathing prompt",Offer calming music or breathing exercise prompt,Take a deep breath. Do you want me to play some calming music? (NO TOOL TAG),"User: Yes please -> AI: Playing calming music for you. <TOOL>playMusic(""calming music"")</TOOL>",User: No thanks -> AI: Understood. Take your time and focus on the road.,Speed up the car to relieve stress | Argue back,I hate this driving situation | I am losing my temper
5,mood_tired,I'm tired. | I am yawning so much | Getting sleepy behind the wheel,discomfort,"searchPlaces, handleDrowsyDriving","<TOOL>searchPlaces(""coffee shop"")</TOOL>","ANY place category (e.g. coffee shop, rest area, parking)",middleware,YES,Turn 1 asks what sounds best / offers coffee shop (NO TOOL TAG). Turn 2 executes search/nav tool.,Execute tool ONLY AFTER driver confirms coffee shop or rest area preference,DO NOT output tool tag while asking what sounds best,"DriverMood=Tired/Yawning, Speed","Proactive safety concern, reassuring co-pilot",Suggest nearest coffee shop or rest area navigation,I can find a coffee shop or a safe place to pull over and rest. What sounds best to you? (NO TOOL TAG),"User: Find a coffee shop -> AI: Finding nearby coffee shops now. <TOOL>searchPlaces(""coffee shop"")</TOOL>",User: I'll keep driving -> AI: Please stay vigilant and let me know if you need to pull over.,Tell driver to keep eyes closed for 5 minutes | Ignore tiredness,My eyelids are getting heavy | I really need a caffeine boost
6,mood_bored,I'm bored. | This long drive is boring | Entertain me,discomfort,"suggestTriviaGame, getNewsHighlights",<TOOL>suggestTriviaGame()</TOOL>,none,middleware,YES,"Turn 1 asks whether user wants joke, trivia, or story (NO TOOL TAG). Turn 2 executes tool chosen.",Execute tool ONLY AFTER driver selects option (e.g. trivia game),DO NOT output tool tag while asking what suits the driver,"Speed, DriverMood","Lighthearted, friendly, engaging","Offer trivia game, joke, or fun story","Would you like to hear a joke, play a trivia game, or listen to a story? What suits you? (NO TOOL TAG)",User: Let me try trivia -> AI: Starting trivia game! <TOOL>suggestTriviaGame()</TOOL>,"User: No thanks -> AI: All right, I'll be here if you change your mind.",Play video on head-up display | Ignore driver,Anything fun we can do while driving? | Tell me something interesting
7,stress_traffic,This traffic is annoying. | Stuck in jam | Gridlock is killing me,discomfort,suggestAlternateRoute,<TOOL>suggestAlternateRoute()</TOOL>,none,middleware,YES,Turn 1 asks where driver is heading (NO TOOL TAG). Turn 2 executes alternate route tool after destination provided.,Execute tool ONLY AFTER destination is provided or confirmed,DO NOT output tool tag when destination is unknown and asking 'Where are you up to?',"Speed, Location, Memory","Reassuring, calm, practical","Ask for destination if not set, or route around congestion",I can check for clearer routes if you tell me where you are heading. Where are you up to? (NO TOOL TAG),User: Tokyo -> AI: Found alternate route for Tokyo. <TOOL>suggestAlternateRoute()</TOOL>,"User: Nowhere -> AI: Understood, hang in there through the traffic.",Honk horn automatically | Drive off road,Why is traffic at a standstill? | Can we bypass this jam?
8,navigation_home,Take me home. | Drive me home | Route home,direct_command,startNavigationTo,"<TOOL>startNavigationTo(""Home"")</TOOL>",Home,middleware,NO,If home address set -> execute tool immediately. If unconfigured -> Turn 1 asks for info (NO TOOL TAG).,Execute tool when home address is set in system,DO NOT output tool tag if home address is unconfigured in Google account,"Location, Speed, AccountInfo","Direct, prompt, warm",Guide to add home address in personal info if missing,Home address is not set in account yet. What is the address you want to route to? (NO TOOL TAG),"User: 123 Main St -> AI: Routing to 123 Main St now. <TOOL>startNavigationTo(""123 Main St"")</TOOL>",User: Cancel -> AI: Navigation cancelled.,Delete home location | Navigate to random address,Let's head back home | Guide me home please
9,navigation_nearest_station,Find nearby station. | Where is the train station? | Locate station near me,question,searchPlaces,"<TOOL>searchPlaces(""train station"")</TOOL>","ANY transit search term (e.g. train station, subway, metro)",middleware,YES,Turn 1 searches places / asks choice (NO NAV TOOL TAG). Turn 2 navigates after user choice.,"Execute searchPlaces tag in Turn 1, then ask choice; execute startNavigationTo in Turn 2",DO NOT execute navigation tool tag until user selects a station,"Location, Speed","Helpful, structured",List options and ask which one to navigate to,"I found a few stations nearby. Would you like to hear options or find new ones? <TOOL>searchPlaces(""train station"")</TOOL>","User: The first one -> AI: Routing to Central Station now. <TOOL>startNavigationTo(""Central Station"")</TOOL>","User: Neither -> AI: All right, let me know if you want to search for something else.",Buy train tickets | Stop the car instantly,Is there a metro station close by? | Find nearest subway
10,navigation_parking,Find parking. | Where can I park? | Look for parking spot,question,"searchPlaces, prepareForParking","<TOOL>searchPlaces(""parking"")</TOOL>","ANY parking search term (e.g. parking, garage, lot)",middleware,YES,Turn 1 searches parking / asks option (NO NAV TAG). Turn 2 executes navigation after user picks spot.,Execute searchPlaces in Turn 1; execute startNavigationTo ONLY in Turn 2 after user picks garage,DO NOT output navigation tool tag while asking driver which parking option they prefer,"Location, Speed","Informative, concise",Offer options or auto-route to nearest open garage,"I found parking options nearby. Would you like to hear these or find new ones? <TOOL>searchPlaces(""parking"")</TOOL>","User: Second option -> AI: Navigating to City Center Garage. <TOOL>startNavigationTo(""City Center Garage"")</TOOL>",User: Never mind -> AI: Understood.,Park on highway lane | Disable handbrake,Where is an open parking garage? | Need a parking place
11,navigation_convenience_store,Find a konbini. | Where is a convenience store? | Locate 7-Eleven,question,searchPlaces,"<TOOL>searchPlaces(""convenience store"")</TOOL>","ANY store term (e.g. convenience store, konbini, 7-Eleven)",middleware,YES,Turn 1 searches konbini / asks preference (NO NAV TAG). Turn 2 executes navigation after selection.,Execute searchPlaces in Turn 1; execute startNavigationTo in Turn 2 upon choice,DO NOT output navigation tool tag while asking driver which store they prefer,"Location, Speed","Helpful, prompt",List nearby konbini choices,"I found convenience stores nearby. Would you like to hear these options? <TOOL>searchPlaces(""convenience store"")</TOOL>","User: 7-Eleven -> AI: Routing to 7-Eleven. <TOOL>startNavigationTo(""7-Eleven"")</TOOL>","User: Cancel -> AI: Okay, search cancelled.",Order online delivery | Rob store,Any konbini around here? | Find a 7-Eleven nearby
12,navigation_gas_station,Find a gas station. | I need fuel | Where is petrol pump?,question,searchPlaces,"<TOOL>searchPlaces(""gas station"")</TOOL>","ANY fuel term (e.g. gas station, fuel, petrol)",middleware,YES,Turn 1 searches gas stations / asks preference (NO NAV TAG). Turn 2 executes navigation upon choice.,Execute searchPlaces in Turn 1; execute startNavigationTo in Turn 2 upon selection,DO NOT output navigation tool tag while asking which gas station to route to,"FuelLevel, Location, Speed","Safety-oriented, direct",Offer nearest gas stations,"I found gas stations nearby. Would you like options? <TOOL>searchPlaces(""gas station"")</TOOL>","User: Shell station -> AI: Routing to Shell station. <TOOL>startNavigationTo(""Shell station"")</TOOL>","User: Not right now -> AI: All right, drive safe.",Siphon fuel from another car | Turn off fuel tank,Running low on gas | Find petrol station near me
13,ev_charging,Find charging station. | Where is an EV charger? | Need to charge battery,question,"searchPlaces, suggestOptimizedChargingRate","<TOOL>searchPlaces(""EV charging station"")</TOOL>","ANY charging term (e.g. EV charging station, charger, supercharger)",middleware,YES,Turn 1 searches chargers / asks choice. Turn 2 routes upon selection.,Execute searchPlaces in Turn 1; execute startNavigationTo in Turn 2 upon user pick,DO NOT output navigation tool tag while asking which charger to navigate to,"BatteryLevel, Location, Speed","Helpful, informative",Show fast chargers nearby,"I found EV charging stations nearby. Would you like options? <TOOL>searchPlaces(""EV charging station"")</TOOL>","User: Supercharger -> AI: Routing to Supercharger. <TOOL>startNavigationTo(""Supercharger"")</TOOL>",User: I'll charge at home -> AI: Understood.,Overcharge battery dangerously | Ignore battery level,"Battery at 15%, find charger | Where can I plug in my EV?"
14,rain_visibility,I can't see clearly. | Heavy rain obscuring view | Hard to see the road,discomfort,"improveRoadVisibility, turnOnDefroster",<TOOL>improveRoadVisibility()</TOOL>,none,hardware,NO,Immediate safety action. Execute visibility tool and instruct pull over.,Poor visibility complaint during heavy rain or fog,Do not give real-time steering/driving advice,"Speed, RainSensor, DefrosterState","Urgent safety caution, calm guidance",Suggest pulling over safely and check headlights/defogger,Please pull over safely. I've optimized defogger and visibility. <TOOL>improveRoadVisibility()</TOOL>,User: I pulled over -> AI: Great. Let's check headlights and defogger now.,N/A,Tell driver to speed up in rain | Turn off wipers,Rain is blinding me | I can barely see through the windshield
15,window_fog,The windshield is foggy. | Defog the windshield | Windows fogged up,discomfort,"turnOnDefroster, defogWindshield",<TOOL>turnOnDefroster()</TOOL>,"front, rear, all",hardware,NO,Immediate safety action. Execute defroster tool in same turn.,Windshield fogged or defroster request,Defroster hardware fuse broken,"DefrosterState, DriverTemp, Humidity","Immediate action, concise",Turn on defroster fan instantly,N/A (Immediate execution),Turning on the defroster. <TOOL>turnOnDefroster()</TOOL>,N/A,Break glass | Turn off air completely,Windshield is misting up | Clear the front glass
16,volume_down,Too loud. | Lower the volume | Turn down music,direct_command,"decreaseVolume, setVolumeLevel",<TOOL>decreaseVolume()</TOOL>,none,hardware,NO,Immediate action. Execute decreaseVolume tool in same turn.,User requests lower audio volume,When audio is already muted,"VolumeLevel, MediaState","Brief, responsive",Lower volume immediately and check if level is better,I've lowered the music volume a bit. <TOOL>decreaseVolume()</TOOL>,User: Lower it more -> AI: Lowered further. <TOOL>decreaseVolume()</TOOL>,User: That's fine -> AI: Great.,Mute emergency siren | Blast volume,Music is hurting my ears | Turn the sound down a notch
17,volume_up,Can you make it louder? | Turn up volume | Increase sound,direct_command,"increaseVolume, setVolumeLevel",<TOOL>increaseVolume()</TOOL>,none,hardware,NO,Immediate action. Execute increaseVolume tool in same turn.,User requests higher audio volume,When max volume reached or high speed safety volume limit hit,"VolumeLevel, Speed","Prompt, helpful",Increase volume and check if level is good,I've increased the music volume. Is this a good level? <TOOL>increaseVolume()</TOOL>,"User: Perfect -> AI: Great, keeping volume at this level.",User: Too loud now -> AI: Lowering volume back down. <TOOL>decreaseVolume()</TOOL>,Blow speakers | Deafen driver,"Boost the audio a bit | Can't hear the song, turn it up"
18,call_contact,Call my wife. | Dial wife | Phone wife hands-free,direct_command,call,"<TOOL>call(""wife"")</TOOL>",ANY contact name or phone number string,middleware,YES,If Bluetooth disconnected or contact unverified -> Turn 1 prompts user (NO CALL TAG). Turn 2 dials upon resolution.,Execute tool ONLY AFTER Bluetooth linked or contact target verified,DO NOT output call tool tag while Bluetooth is unlinked or asking for phone number,"BluetoothState, ContactList","Hands-free focused, clear",Prompt to connect Bluetooth or search contacts if unlinked,I could not find your wife in your contacts. Would you like to provide a phone number? (NO TOOL TAG),"User: Call 555-0199 -> AI: Calling 555-0199 hands-free now. <TOOL>call(""555-0199"")</TOOL>",User: Cancel call -> AI: Call cancelled.,Send text to emergency 911 randomly | Delete contacts,Place a call to my wife | Dial wife's mobile
19,message_readout,Read my message. | Read text aloud | Any new messages?,direct_command,readMessages,<TOOL>readMessages()</TOOL>,none,middleware,YES,If notification permission missing -> Turn 1 instructs settings enable (NO TOOL TAG). Turn 2 reads message when enabled.,Execute tool ONLY when notification permission is granted,DO NOT output readMessages tool tag while telling driver to enable notification access in settings,"NotificationPermission, MessageCount","Clear, hands-free safe",Prompt user to grant notification access in settings if disabled,To read messages you need to allow notification access in settings. (NO TOOL TAG),User: Permission granted -> AI: Reading your latest message now. <TOOL>readMessages()</TOOL>,User: Skip for now -> AI: Understood.,Show text on screen while driving fast | Delete all messages,What did that text say? | Read out my unread message
20,driver_confused_route,Where do I turn? | Which way do I go? | Am I lost?,question,startNavigationTo,(No Tool Call),none,middleware,YES,Turn 1 asks for destination (NO TOOL TAG). Turn 2 executes navigation after destination provided.,Execute navigation tool ONLY AFTER driver names a destination,DO NOT output tool tag when asking 'You don't have a destination set. Where would you like to go?',"NavigationState, Memory","Brief, clear guidance",Ask for destination if unconfigured,You don't have a destination set right now. Where would you like to go? (NO TOOL TAG),"User: Tokyo Tower -> AI: Setting destination to Tokyo Tower. <TOOL>startNavigationTo(""Tokyo Tower"")</TOOL>",User: I'll figure it out -> AI: Drive safe!,Guess random turn | Turn steering wheel automatically,Do I turn left here? | Where is the next turn?
21,safety_warning,Something feels wrong. | Car feels strange | Is there an issue with vehicle?,question,readObdDiagnostics,<TOOL>readObdDiagnostics()</TOOL>,none,hardware,YES,Turn 1 asks if feeling unwell vs car issue (NO TOOL TAG). Turn 2 executes OBD diagnostic on car issue.,Execute OBD tool after driver indicates vehicle issue,DO NOT output tool tag while asking 'Is it something with the car or are you feeling unwell?',"OBD2_State, Speed","Calm, diagnostic, pull-over recommendation","Ask if feeling unwell or if vehicle has issue, run diagnostic",Please pull over. Is it something with the car or are you feeling unwell? (NO TOOL TAG),User: Car check engine light came on -> AI: Running OBD2 diagnostics. <TOOL>readObdDiagnostics()</TOOL>,User: I'm just feeling dizzy -> AI: Please pull over immediately and rest.,Eject seat | Ignore warning,The car is making a weird noise | Something feels off while driving
22,vehicle_issue_camera,Camera is not working. | Back camera issue | Dashcam black screen,question,analyzeCabinState,(No Tool Call),none,middleware,YES,Safety guardrail: Never execute camera debug while driving at speed.,Do not execute hardware debug while driving,NEVER output camera hardware debug tool tag while driving at speed,"Speed, CameraStatus",Safety-first troubleshooting guidance,Inform driver camera hardware cannot be debugged while driving,I cannot look into camera hardware issues while driving. Need help finding a safe spot to pull over? (NO TOOL TAG),"User: Yes find parking -> AI: Finding nearby parking spot. <TOOL>searchPlaces(""parking"")</TOOL>","User: No I'll drive -> AI: All right, keep focused on the road.",Reboot phone while driving at 80mph | Turn off headlights,Backup camera is glitching | My phone camera isn't working
23,vehicle_issue_audio,Audio stopped. | Music cut off | Media paused suddenly,question,resumeAudio,<TOOL>resumeAudio()</TOOL>,none,middleware,YES,Turn 1 asks 'Do you want to resume audio?' (NO TOOL TAG). Turn 2 executes tool upon 'yes'.,Execute tool ONLY AFTER user confirms they want to resume audio,DO NOT output resumeAudio tool tag while asking 'Do you want to resume audio?',MediaState,"Helpful, prompt troubleshooting",Offer to resume audio,Looks like your media was paused. Do you want to resume audio? (NO TOOL TAG),User: Yes please -> AI: Resuming your audio now. <TOOL>resumeAudio()</TOOL>,User: No leave it muted -> AI: Keeping audio paused.,Delete music app | Mute permanently,Why did the song stop? | Audio cut out out of nowhere
24,quiet_mode,I need silence. | Quiet mode on | Mute everything,direct_command,enableQuietMode,<TOOL>enableQuietMode()</TOOL>,none,hardware,NO,Immediate action. Execute quiet mode tool in same turn.,User requests complete quiet or silence,Do not mute critical vehicle safety alarms,"MediaState, NotificationState","Ultra-brief, quiet acknowledgment",Silence responses until re-activated,N/A (Immediate execution),"Understood, I'll be quiet. <TOOL>enableQuietMode()</TOOL>",N/A,Turn off engine | Ignore emergency collision warning,"Shh, keep it quiet | Silence all sounds please"
25,companion_smalltalk,Talk to me. | Let's chat | Keep me company,companion,analyzeCabinState,(No Tool Call),none,middleware,NO,Pure chit-chat. No tool tag execution.,Driver requests open friendly conversation,Do not trigger VHAL physical controls for casual chat,"DriverMood, Speed","Warm, human-like, conversational co-pilot",Offer friendly conversation or route assistance,I'm here. Let me know if you wanna chat or look up a place. (NO TOOL TAG),User: Tell me about your day -> AI: I'm enjoying being your co-pilot today!,User: Never mind -> AI: I'll be right here whenever you need me.,Read long technical manuals | Act robotic,Can we talk for a bit? | I'm feeling chatty today
26,set_volume_level,Set volume to 50% | Set volume to 8 | Set volume by 20% | Set volume to max | Set volume to 30%,direct_command,"setVolumeLevel, setVolume",<TOOL>setVolumeLevel(VAL)</TOOL>,"ANY volume value (e.g. 50%, 8, +20%, -10%, MAX, 30%)",hardware,NO,"Immediate action. Parse exact percentage, index, or MAX value.","User requests specific volume percentage, level index, or MAX",When user asks for mute/silence (use enableQuietMode instead),"VolumeLevel, MediaState","Direct, responsive, concise",Set volume level immediately to requested value,N/A (Immediate execution),"Sure, setting the volume level to requested value. <TOOL>setVolumeLevel(""VAL"")</TOOL>",N/A,Blow speakers to 200% | Set volume to infinity,Set volume to 75% | Volume to level 5 | Set volume to 40%
